{"cameraMode":{"drawMode":0,"name":"Shaded","section":"Shading Mode"},"sceneLighting":false,"audioPlay":false,"sceneViewState":{"showFog":true,"showMaterialUpdate":false,"showSkybox":false,"showFlares":true,"showImageEffects":true,"showParticleSystems":true},"in2DMode":false,"pivot":{"x":0.0006070137023925781,"y":-1.958456039428711,"z":0.0},"rotation":{"x":-0.07379058748483658,"y":0.7082338929176331,"z":-0.07486069947481156,"w":-0.6981090903282166},"size":15.8295259475708,"orthographic":false}